NAME,ID,COMPANY,PRICE,STOCK
Chocolate_Finger_Biscuits(240g),001,Garden,10,0
Chocolate_Cake,002,Maxin,129.9,79
Cola(1000mL),003,Coca_Cola,12,102
White_Lotus_Seed_Paste_Mooncake,999,Wing_Wah,99,7
Water(200mL),006,Vita,9.9,10
Protein_Powder(1000g),007,MyProtein,595,55
Ion_Water(500mL),059,Pocari,159,8
Fried_Noodles,018,Indomie,22,5
Sparkling_Wine(500mL),066,Choco_Rosso,80.75,18
Pop_Pan_Biscuit,099,Garden,35,100
Family_Assorted_Biscuits(1340g),128,Garden,128,65
Mini_Cream_Wafers,329,Garden,32.9,56
